Unnamed: 0,Countries,ISO3,Region,SIDS,LDCs,# RP,# FA,RP,FA,Adaptation,Mitigation,Crosscutting,AdaptationMitigationRatio,Ambition Category,Ambition,CO2BIP,1990,2010,2019,2025 upper,2025 lower,2030 upper,2030 lower,GRadUn,GradCon,Total Change 2019-2030 Upper (%),Total Change 2019-2030 Lower (%),AvgChange%,Population,Income group,Income Group Code,RPPOP,FAPOP,GDPCap,LogGDPCap,NDGAIN,code,cc,ge,pv,rl,va,type_of_target_class,temp_target_class,Ambitionsfaktor,δCO2/GDP,Gov_PCA1,Gov_PCA2
0,Afghanistan,AFG,Asia-Pacific,False,True,3,1,1599987.0,17198843.0,0.0,17198843.0,0.0,0.0,Keine Überarbeitung im Vergleich zur vorherigen Version,,0.19806969,16.5,38.1,49.4,50.8,47.3,52.8,45.6,,,6.88,-7.69,-0.4,41454761.0,Low income,1,0.0385959769494268,0.4148822134084912,2211.2806345400686,7.701327099324923,33.207456275516,AFG,-1.1549317836761477,-1.9870136976242063,-2.4840805530548096,-1.6496409177780151,-1.8529013395309448,0.0,0.0,-1.29414457735597,0.02159489,-3.846089987796164,-0.6862969676585329
1,Albania,ALB,Eastern Europe,False,False,6,5,5440619.0,52099172.5,24031250.0,4011904.761904762,30732323.23262626,0.8569381798885646,Erhöhte Ambition,1.0,0.14302535,8.1,8.5,9.8,10.7,10.7,11.5,11.5,,,17.35,17.35,17.35,2745972.0,Upper middle income,3,1.9813089863989872,18.97294382462749,21263.1956590519,9.964732953819787,51.7571799900884,ALB,-0.3322185277938843,0.2508553564548492,0.1833489686250686,-0.1640973687171936,0.1689972281455993,4.0,1.0,-0.1099009681697377,-0.0358253,1.5504439209110814,0.121560181493761
2,Algeria,DZA,Africa,False,False,2,0,3152062.0,0.0,,,,,Keine Überarbeitung im Vergleich zur vorherigen Version,,0.30975473,101.9,145.0,199.4,225.3,204.1,247.1,208.1,5.1,4.7,23.92,4.36,14.14,46164219.0,Upper middle income,3,0.0682793312283697,0.0,16824.487903298697,9.730590717395858,48.6665011319576,DZA,-0.5893083214759827,-0.6701351404190063,-0.5778852701187134,-0.6783643960952759,-0.9798837900161744,0.0,0.0,-1.29414457735597,0.04715933,-0.5543441882303066,-0.2072632374038663
3,Angola,AGO,Africa,False,True,4,1,2572547.0,9616032.0,9616032.0,0.0,0.0,1.0,Erhöhte Ambition,1.0,0.12788574,57.2,99.9,103.9,97.0,91.8,98.9,80.2,,,-4.81,-22.81,-13.81,36749906.0,Lower middle income,2,0.0700014579629128,0.2616614039774687,8040.702449718117,8.992271727724455,38.0795161577184,AGO,-0.6099202036857605,-1.0089095830917358,-0.3415050506591797,-1.0990660190582275,-0.737252414226532,4.0,3.0,0.4443142085352737,-0.05310782,-0.8550230801297604,0.5346322991755686
4,Argentina,ARG,Latin America and the Caribbean,False,False,11,5,6198092.0,225408286.31,0.0,204156167.2986607,20662878.78818182,0.0,Erhöhte Ambition,1.0,0.2387148,256.0,334.3,336.7,338.4,338.4,339.8,339.8,3.9,3.9,0.92,0.92,0.92,45538401.0,Upper middle income,3,0.1361069309394504,4.94985070534207,30082.30452473229,10.311692388318374,50.2061022069771,ARG,-0.3608839511871338,-0.3775173425674438,-0.1275179088115692,-0.4108265340328216,0.5339218378067017,6.0,1.0,0.3436670422471253,0.0020776799999999,0.9920150555417641,0.6324201586992141
5,Armenia,ARM,Eastern Europe,False,False,7,7,5206305.39,157028123.07,0.0,56861428.57142857,97528345.54334554,0.0,Erhöhte Ambition,1.0,0.18036881,9.2,8.6,11.9,14.5,14.5,16.9,16.9,5.1,5.1,42.02,42.02,42.02,2990900.0,Upper middle income,3,1.7407152997425523,52.50196364639406,21342.514533488596,9.968456349848903,56.9507577620642,ARM,0.0583996474742889,-0.1841299682855606,-0.8292782306671143,-0.1220179796218872,0.0767075568437576,6.0,4.0,1.1749898073046423,0.0066855999999999,1.0378230131795292,-0.5540293435871582
6,Azerbaijan,AZE,Eastern Europe,False,False,4,2,3841560.0,46493937.3,24994797.3,0.0,21500000.0,1.0,Keine höhere Ambition,0.0,0.23032077,80.8,57.1,67.8,59.2,59.2,52.1,52.1,5.1,5.1,-23.16,-23.16,-23.16,10153958.0,Upper middle income,3,0.3783312871690034,4.578897933200039,23597.837862175715,10.068910370807195,51.7503446533195,AZE,-1.1954714059829712,-0.0326422192156314,-0.7307538986206055,-0.5665860772132874,-1.4115339517593384,0.0,0.0,-1.29414457735597,0.03940112,-0.7657334209697508,-0.8628318036396019
7,Bahrain,BHR,Asia-Pacific,True,False,0,1,0.0,2320388.0,2320388.0,0.0,0.0,1.0,Keine höhere Ambition,0.0,0.6066385,18.1,33.9,32.4,40.4,40.4,46.4,46.4,5.1,5.1,43.21,43.21,43.21,1577059.0,High income,4,0.0,1.4713387387535914,63497.61693623331,11.058757655613316,54.7700903687435,BHR,0.1777848154306411,0.697198748588562,-0.3739675879478454,0.4687704443931579,-1.3778330087661743,1.0,1.0,-0.7902529837950326,-0.1243032,1.5644952271366428,-1.9388096089038929
8,Bangladesh,BGD,Asia-Pacific,False,True,8,9,6120068.78,441165030.0,141820530.0,256480000.0,45076023.39181286,0.3560641257494686,Erhöhte Ambition,1.0,0.1326851,53.0,122.2,171.3,206.0,206.0,253.1,253.1,1.2,1.2,47.75,47.75,47.75,171466990.0,Lower middle income,2,0.0356924022518853,2.5728860697910427,9147.77750665547,9.1212662333182,36.0283786277348,BGD,-1.1208664178848269,-0.6973341107368469,-0.9086567163467408,-0.5026572346687317,-0.753886342048645,4.0,4.0,0.7214217968877794,-0.00237406,-0.8352622667794674,-0.22844844746251178
9,Barbados,BRB,Latin America and the Caribbean,True,False,4,8,1516737.0,236984296.53,70000000.0,41000000.0,127616454.8016959,0.6306306306306306,Erhöhte Ambition,1.0,0.33547768,1.4,1.7,1.5,1.5,1.2,1.3,0.6,1.6,1.2,-13.33,-60.0,-36.67,282336.0,High income,4,5.372099200952057,839.3697457284937,21336.15755530152,9.968158450316285,61.0602203697946,BRB,1.34458589553833,0.3804432451725006,1.1871285438537598,0.4141953885555267,1.1621922254562378,4.0,3.0,0.4443142085352737,-0.1216633899999999,4.171938511496947,0.6082286649602725
10,Benin,BEN,Africa,False,True,11,11,4838662.39,87358124.14,31743246.31578948,23766258.32127976,52778937.5868593,0.5718524516356671,Keine höhere Ambition,0.0,0.17399551,5.7,12.6,17.2,22.8,22.6,29.9,28.6,1.2,1.2,73.84,66.28,70.06,14111034.0,Lower middle income,2,0.3428992085200843,6.190767036632468,4129.979414932951,8.326027701664922,38.3405184417986,BEN,-0.0495794489979743,-0.2189841270446777,-0.3465594351291656,-0.5057096481323242,-0.2189869433641433,4.0,1.0,-0.1099009681697377,-0.10088767,0.7337161904785501,-0.12845371337011033
11,Bolivia (Plurinational State of),BOL,Latin America and the Caribbean,False,False,8,3,2627919.74,86166669.84,60325465.16666667,0.0,39857142.85714286,1.0,Keine höhere Ambition,0.0,0.28629375,19.0,85.0,116.5,145.4,145.4,172.3,172.3,5.1,5.1,47.9,47.9,47.9,12244159.0,Lower middle income,2,0.2146263977787286,7.037369397114167,10925.273051670554,9.298834012939386,41.6456083085503,BOL,-0.8383010625839233,-0.6394810676574707,-0.3131836354732513,-1.2193379402160645,-0.2651913166046142,0.0,0.0,-1.29414457735597,0.00072241,-0.5946625274120896,0.7103132980664141
12,Bosnia and Herzegovina,BIH,Eastern Europe,False,False,3,2,3703756.0,31746000.0,14400000.0,17346000.0,0.0,0.4536004536004536,Erhöhte Ambition,1.0,0.44537374,23.6,31.1,33.0,27.5,26.9,22.9,21.7,3.1,2.8,-30.61,-34.24,-32.42,3185073.0,Upper middle income,3,1.162848072869915,9.967118493045527,22449.150301736,10.019008043979118,50.9754584318309,BIH,-0.5815600156784058,-0.9678125381469728,-0.3533733189105987,-0.3518195450305938,-0.3194659352302551,6.0,1.0,0.3436670422471253,-0.1457105,-0.04976817046761652,0.3942815077304093
13,Botswana,BWA,Africa,False,False,6,3,2280546.0,81049894.0,0.0,40000000.0,44391972.94736842,0.0,Keine Überarbeitung im Vergleich zur vorherigen Version,,0.1678508,13.6,22.9,11.8,13.7,13.7,15.3,15.3,1.9,1.9,29.66,29.66,29.66,2480244.0,Upper middle income,3,0.9194845345861132,32.67819375835603,20916.401545730125,9.948288893141054,50.0061593505728,BWA,0.685792088508606,0.4308284223079681,1.0384399890899658,0.3904363811016083,0.5040569305419922,0.0,0.0,-1.29414457735597,-0.01393931,3.329766952167079,0.2894296219843675
14,Brazil,BRA,Latin America and the Caribbean,False,False,12,14,5164666.81,467760659.06,60433996.00980392,117872890.9461905,174145810.5495762,0.3389324834363737,Keine höhere Ambition,0.0,0.15179726,654.9,1072.1,1195.5,1457.2,1457.2,1642.9,1311.1,2.1,2.1,37.42,9.67,23.55,211140729.0,Upper middle income,3,0.0244607794737698,2.215397575235236,21107.28210337913,9.95737338330568,49.5237815073322,BRA,-0.5036431550979614,-0.5467643141746521,-0.4085677862167358,-0.308802843093872,0.3828538656234741,6.0,4.0,1.1749898073046423,-0.00429924,0.6501443980352658,0.43925512793127297
15,Burkina Faso,BFA,Africa,False,True,9,14,5303415.0,155576981.27,44861546.29357143,71662091.65461309,46501128.48046254,0.3849995338587039,Erhöhte Ambition,1.0,0.1707881,14.3,27.8,34.7,47.4,47.4,62.5,62.5,1.2,1.2,80.12,80.12,80.12,23025776.0,Low income,1,0.2303251364905139,6.756644434915028,2754.713465434246,7.921068710891065,37.9894586904992,BFA,-0.1696155071258545,-0.8262274861335754,-2.035231590270996,-0.7417789697647095,-0.809887170791626,4.0,1.0,-0.1099009681697377,0.07483665,-1.014575923693608,-1.214633827640327
16,Burundi,BDI,Africa,False,True,6,4,4497061.0,44157657.98,9994500.0,5263157.894736842,29062500.0,0.6550481121645558,Erhöhte Ambition,1.0,0.07707084,2.6,3.6,4.5,6.5,6.1,7.1,6.4,1.2,1.2,57.78,42.22,50.0,13689450.0,Low income,1,0.3285056010285292,3.225670715770173,919.9066462356394,6.824272193411506,35.8995885941324,BDI,-1.5560259819030762,-1.2001134157180786,-1.1724029779434204,-1.2510563135147097,-1.3669183254241943,4.0,3.0,0.4443142085352737,0.02679465,-2.4438990663561357,0.01719838415075994
17,Cabo Verde,CPV,Africa,True,False,4,0,1996311.0,0.0,,,,,Erhöhte Ambition,1.0,0.13054688,0.3,0.9,1.0,1.0,0.9,0.9,0.8,1.2,1.2,-10.0,-20.0,-15.0,522331.0,Lower middle income,2,3.821927092207815,0.0,10308.679167462764,9.240741457015703,51.0736999801748,CPV,0.9848572015762328,0.0136766647920012,0.9032455682754515,0.4001057744026184,0.9581013321876526,4.0,3.0,0.4443142085352737,-0.05079416,3.4433766384722038,0.6309548368985388
18,Cambodia,KHM,Asia-Pacific,False,True,14,9,5633291.76,254087146.83,68124369.85714285,64011904.76190476,115853250.0,0.5155614539122373,Erhöhte Ambition,1.0,0.3010379,18.7,33.0,46.5,52.0,50.5,59.2,53.9,5.0,4.1,27.31,15.91,21.61,17423880.0,Lower middle income,2,0.3233086866989442,14.582696094670077,7425.511790631192,8.91267688932661,40.3295834898391,KHM,-1.2992167472839355,-0.3058742880821228,0.0444938205182552,-0.8191274404525757,-1.292421817779541,4.0,3.0,0.4443142085352737,0.15369094,-0.7694273452249752,0.12371567682346696
19,Cameroon,CMR,Africa,False,False,5,8,3768098.0,60458971.14,13355526.31578947,9275062.656641604,45005518.71657754,0.5901537221174127,Erhöhte Ambition,1.0,0.121432394,30.0,35.0,39.6,51.9,51.9,66.8,66.8,2.0,1.4,68.69,68.69,68.69,28372687.0,Lower middle income,2,0.1328072311233687,2.13088633938689,5405.574657428665,8.595186044020053,38.6711690279113,CMR,-1.1625597476959229,-0.9062625765800476,-1.4004364013671875,-1.0381978750228882,-1.0663970708847046,4.0,1.0,-0.1099009681697377,-0.0435073059999999,-1.7841422239056062,-0.39174124244542596
20,Central African Republic,CAF,Africa,False,True,6,1,1771129.0,39998000.0,0.0,40000000.0,0.0,0.0,Erhöhte Ambition,1.0,0.072099924,18.8,9.4,10.6,10.9,10.6,11.2,10.5,3.6,2.8,5.66,-0.94,2.36,5152421.0,Low income,1,0.3437469492496828,7.762952600340694,1259.8243997610164,7.138727624964248,27.8948032007839,CAF,-1.3113930225372314,-1.7350091934204102,-2.2031071186065674,-1.7595010995864868,-1.262248158454895,0.0,0.0,-1.29414457735597,0.0338852589999999,-3.4248617837243196,-0.19801779625944235
21,Chad,TCD,Africa,False,True,10,7,3587979.0,93700905.31,28105058.03007519,30000000.0,31795246.12752137,0.4836938294688219,Keine höhere Ambition,0.0,0.124583445,15.8,50.9,80.5,84.5,75.5,87.9,71.3,1.2,1.2,9.19,-11.43,-1.12,19319064.0,Low income,1,0.185722196479084,4.850178316609956,1863.9406212081603,7.5304481391631155,27.1553068161871,TCD,-1.4824069738388062,-1.4791487455368042,-1.5594629049301147,-1.3542392253875732,-1.434938669204712,4.0,4.0,0.7214217968877794,0.062378705,-2.867566205357597,-0.1085939396735707
22,Chile,CHL,Latin America and the Caribbean,False,False,13,7,7261503.86,175518677.0,0.0,131619456.7619048,103722222.2222222,0.0,Erhöhte Ambition,1.0,0.18409525,52.7,96.1,115.4,104.3,104.3,95.0,95.0,3.2,3.2,-17.68,-17.68,-17.68,19658835.0,High income,4,0.3693761029074205,8.92823389585395,32802.8722248605,10.39827135836951,60.1223990438853,CHL,0.968603789806366,0.7175557613372803,0.1361599415540695,0.6250937581062317,1.0179492235183716,5.0,3.0,0.6710982137437053,-0.03785491,3.723094560277442,-0.4810002926136845
23,China,CHN,Asia-Pacific,False,False,0,1,0.0,100000000.0,0.0,0.0,100000000.0,,Erhöhte Ambition,1.0,0.4209201,3687.3,11110.9,13535.7,14196.4,14196.4,14615.4,14615.4,5.1,5.1,7.98,7.98,7.98,1410710000.0,Upper middle income,3,0.0,0.0708862913001254,24569.286511872597,10.10925242609776,60.1825822630599,CHN,-0.0053701046854257,0.6790140271186829,-0.5130970478057861,-0.0401299707591533,-1.5045541524887085,5.0,1.0,0.1168830370386938,-0.2494822999999999,0.9270018879365586,-1.8204882970349494
24,Colombia,COL,Latin America and the Caribbean,False,False,18,14,7128093.27,342667177.11,72874386.34313726,50142068.07643849,208063171.7717984,0.5923954375614054,Erhöhte Ambition,1.0,0.13234182,114.9,159.5,195.6,170.8,170.8,150.0,150.0,1.2,1.2,-23.31,-23.31,-23.31,52321152.0,Upper middle income,3,0.1362373150728791,6.549304898905896,20784.499642790244,9.94196277840156,48.6904695569285,COL,-0.3091912865638733,-0.0758779197931289,-0.7173132300376892,-0.4582729339599609,0.2052137404680252,4.0,1.0,-0.1099009681697377,-0.02334526,0.73690563129856,-0.20174457007894173
25,Comoros,COM,Africa,True,True,4,4,2121256.0,66724236.16,71964745.6764706,0.0,0.0,1.0,Erhöhte Ambition,1.0,0.26807097,0.2,0.4,0.5,0.6,0.5,0.7,0.5,1.2,1.2,40.0,0.0,20.0,850387.0,Lower middle income,2,2.494459581343553,78.46337745050194,3883.126475952326,8.264395900911838,36.859800081433,COM,-0.9901092648506165,-1.5351022481918335,-0.2263167649507522,-1.3412847518920898,-0.8088095784187317,4.0,1.0,-0.1099009681697377,0.10867039,-1.6096003245277792,1.1534743844959772
26,Congo,COG,Africa,False,False,4,1,1266397.0,28988852.0,0.0,28988852.0,0.0,0.0,Erhöhte Ambition,1.0,0.34254944,3.9,6.2,6.8,8.8,5.5,10.4,4.3,2.2,1.2,52.94,-36.76,8.09,6182885.0,Lower middle income,2,0.2048229912087965,4.688563995610464,6850.277706210926,8.832044471487194,35.8753657898711,COG,-1.3452788591384888,-1.334287405014038,0.019162006676197,-1.0205873250961304,-1.1541666984558103,4.0,4.0,0.7214217968877794,0.1208585599999999,-1.550497195887027,0.969515142077331
27,Costa Rica,CRI,Latin America and the Caribbean,False,False,8,12,6599988.84,420323911.6,27114285.71428571,348587215.0605655,62072131.08559201,0.0721697561983779,Erhöhte Ambition,1.0,0.09766851,9.5,13.7,17.2,14.8,14.8,12.8,12.8,1.2,1.2,-25.58,-25.58,-25.58,5105525.0,Upper middle income,3,1.292715017554512,82.32726538406922,28075.142172214142,10.242639843608574,53.661705500101,CRI,0.653749406337738,0.2601964771747589,0.984186828136444,0.3893166482448578,1.0699063539505005,6.0,3.0,0.8978822189521368,-0.0393861099999999,3.4702072041043417,0.7000428254108646
28,Cote d'Ivoire,CIV,Africa,False,False,11,17,6349045.0,158072752.53,39580225.84745614,15759313.87627976,103635173.8666553,0.7152250641231775,Erhöhte Ambition,1.0,0.11232087,14.6,21.7,31.2,29.0,29.0,27.1,27.1,1.2,1.2,-13.14,-13.14,-13.14,31165654.0,Lower middle income,2,0.2037192930397032,5.072017822247529,7197.690104362001,8.881515434692163,41.6495573851431,CIV,-0.3130074143409729,-0.3595120310783386,-0.6317881941795349,-0.4611971378326416,-0.3754806220531463,0.0,0.0,-1.29414457735597,0.005677946,0.2829206694679681,-0.2843014168333578
29,Cuba,CUB,Latin America and the Caribbean,True,False,12,2,6957236.16,62134085.0,23927294.0,0.0,38206791.0,1.0,Keine höhere Ambition,0.0,0.2600236,51.6,48.5,40.6,47.0,47.0,52.7,52.7,3.8,3.8,29.8,29.8,29.8,11019931.0,Upper middle income,3,0.6313320981773842,5.638337027700083,,,45.6085459859143,CUB,-0.0550908595323562,-0.475527822971344,0.3842159509658813,-0.4530391991138458,-1.2489089965820312,2.0,1.0,-0.5634689785866009,-0.18593746,0.40240037635816706,-0.02294404475069495
30,Democratic People's Republic of Korea,PRK,Asia-Pacific,False,False,1,0,752090.0,0.0,,,,,Erhöhte Ambition,1.0,1.3878486,179.6,75.4,60.4,77.0,77.0,90.8,90.8,3.4,3.4,50.33,50.33,50.33,26418204.0,Low income,1,0.0284686271632999,0.0,,,44.071771774892,PRK,-1.584476351737976,-1.4840997457504272,-0.3661695718765259,-1.6428683996200562,-1.979208707809448,6.0,1.0,0.3436670422471253,-0.1462003999999999,-2.8768775404413507,0.6494647344035399
31,Democratic Republic of the Congo,COD,Africa,False,True,10,10,3688739.0,113138919.15,13355526.31578947,68345238.09523809,34331691.91919192,0.1634688048767731,Erhöhte Ambition,1.0,0.05071014,63.6,66.4,83.2,104.4,64.1,140.0,66.1,1.2,1.2,68.27,-20.55,23.86,105789731.0,Low income,1,0.034868592302215,1.069469768762339,1615.750705283915,7.387554960648504,32.5128011087756,,,,,,,4.0,2.0,0.1672066201827679,-0.0084678029999999,,
32,Djibouti,DJI,Africa,False,True,5,6,1606325.13,67349239.38,13355526.31578947,5263157.894736842,66861059.41862716,0.7173184831309805,Keine Überarbeitung im Vergleich zur vorherigen Version,,0.14555606,1.2,1.8,1.8,2.4,1.9,3.1,2.1,1.2,1.2,72.22,16.67,44.44,1152944.0,Lower middle income,2,1.3932377721728026,58.415013547926,7103.691089846601,8.868369799752255,41.1227566734789,DJI,-0.7809274196624756,-0.7314754128456116,-0.5167009830474854,-1.125167727470398,-1.2743464708328247,0.0,0.0,-1.29414457735597,-0.12851354,-1.174584701542412,-0.03083373410612843
33,Dominica,DMA,Latin America and the Caribbean,True,False,14,4,10194729.42,26678585.0,6666666.666666667,20011904.76190476,0.0,0.249888442659527,Keine höhere Ambition,0.0,0.23152934,0.1,0.3,0.3,0.1,0.0,0.1,0.0,,,-66.67,-100.0,-83.33,66510.0,Upper middle income,3,153.28115200721697,401.12141031423846,19333.76460587224,9.869608307811934,52.9778431456094,DMA,0.544514536857605,0.2608250081539154,1.285264253616333,0.6248525977134705,0.7860848307609558,0.0,0.0,-1.29414457735597,-0.03750409,3.56089503885344,0.6905250472121669
34,Dominican Republic,DOM,Latin America and the Caribbean,True,False,10,9,5774918.99,103309571.84,27114285.71428571,23168072.06056548,45120531.51169591,0.5392405391110552,Erhöhte Ambition,1.0,0.15917158,18.2,34.4,41.6,45.1,39.5,48.1,37.7,1.8,1.2,15.62,-9.37,3.13,11331265.0,Upper middle income,3,0.5096446857433835,9.117214348089115,25624.009772421818,10.151285072666608,46.7333636313101,DOM,-0.4494749307632446,0.1280344128608703,0.2390140146017074,-0.1285922825336456,0.3258870542049408,4.0,2.0,0.1672066201827679,-0.0324497199999999,1.5274032929816321,0.3558287647485495
35,Ecuador,ECU,Latin America and the Caribbean,False,False,14,16,8324247.38,322333686.68,49127938.05742297,96797345.43441938,181083930.4710888,0.3366650170679255,Erhöhte Ambition,1.0,0.23151623,39.1,66.3,71.0,70.0,60.8,69.1,52.3,1.7,1.2,-2.68,-26.34,-14.51,17980083.0,Upper middle income,3,0.4629704645968542,17.927263554901277,16062.016364834086,9.68421253160196,44.0762831128738,ECU,-0.6473374366760254,-0.4942449927330017,-0.3381399810314178,-0.9577907919883728,-0.0619113035500049,0.0,0.0,-1.29414457735597,-0.03152157,-0.08687173581953972,0.5371594954378751
36,Egypt,EGY,Africa,False,False,3,7,4188953.0,338375920.0,37051466.66666666,154700000.0,89390497.73755656,0.1932265098711109,Keine höhere Ambition,0.0,0.18567751,123.6,298.7,361.5,483.3,483.3,607.2,607.2,4.9,4.9,67.97,67.97,67.97,114535772.0,Lower middle income,2,0.0365733161513941,2.954325221643418,18524.55721970307,9.82685254810822,47.5894206662017,EGY,-0.7477903962135315,-0.2395169734954834,-0.8667643070220947,-0.184178426861763,-1.379389762878418,0.0,0.0,-1.29414457735597,-0.04086742,-0.3678644089347747,-1.1200600413776665
37,El Salvador,SLV,Latin America and the Caribbean,False,False,10,9,5515044.01,112751678.4,27114285.71428571,27459313.87627976,58175008.82587302,0.496838872966209,Erhöhte Ambition,1.0,0.13160233,7.8,12.4,13.6,15.8,15.8,17.9,17.9,1.3,1.3,31.62,31.62,31.62,6309624.0,Upper middle income,3,0.8740685673187498,17.86979357248546,12657.034062525374,9.445968391989378,46.0818949003492,SLV,-0.5613150596618652,0.0504390224814415,0.0023323998320847,-0.3693573176860809,-0.4744366705417633,4.0,2.0,0.1672066201827679,-0.01245213,0.6938717583916002,-0.09567958992754083
38,Equatorial Guinea,GNQ,Africa,False,False,8,0,2882680.0,0.0,,,,,Erhöhte Ambition,1.0,0.33805847,0.1,6.0,5.8,5.2,5.2,4.8,4.8,3.3,1.4,-17.24,-17.24,-17.24,1847549.0,Upper middle income,3,1.560272555694057,0.0,17411.500234383937,9.76488619989316,42.1893528348334,GNQ,-1.5703727006912231,-1.320349097251892,-0.2353713363409042,-1.338686466217041,-1.6768510341644287,0.0,0.0,-1.29414457735597,0.10411595,-2.319033486724268,0.6747125289248043
39,Eswatini,SWZ,Africa,False,False,10,1,6833157.0,5561000.0,0.0,0.0,13902500.0,,Erhöhte Ambition,1.0,0.11252872,4.7,4.6,4.4,6.3,6.0,7.9,7.3,2.1,1.8,79.55,65.91,72.73,1230506.0,Lower middle income,2,5.5531277376949,4.51927906080913,11245.149147111058,9.327692127721292,42.5584933517936,SWZ,-0.7349854707717896,-0.8849583268165588,-0.3575912714004516,-0.5977460741996765,-1.1646381616592407,4.0,2.0,0.1672066201827679,-0.0233919499999999,-0.7258527870113239,0.0028186248385828646
40,Ethiopia,ETH,Africa,False,True,5,12,4489895.0,397838254.41,70555684.14285715,47952840.43441938,266576648.4608547,0.5953637883395426,Erhöhte Ambition,1.0,0.056141477,54.7,103.7,130.2,178.7,178.7,239.3,225.9,1.2,1.2,83.79,73.5,78.65,128691692.0,Low income,1,0.0348887712192019,3.091405888190513,3058.1280438763297,8.02555825738361,38.6948716459445,ETH,-0.4650616347789764,-0.7686620950698853,-1.9695677757263184,-0.6702032685279846,-1.0606671571731567,4.0,4.0,0.7214217968877794,-0.011243459,-1.2242290165064766,-1.2912798353206112
41,Gabon,GAB,Africa,False,False,6,6,2286820.7,61142559.15,13355526.31578947,4011904.761904762,43776136.36363636,0.7689983772523831,Unklar,,0.16191535,5.8,6.0,5.6,6.4,6.4,7.1,7.1,2.9,2.9,26.79,26.79,26.79,2484789.0,Upper middle income,3,0.9203279232160156,24.606740914419696,20757.072376867836,9.940642305026373,42.9820683004914,GAB,-1.015528440475464,-0.779809296131134,-0.3355273008346557,-0.8726933598518372,-0.9191511869430542,0.0,0.0,-1.29414457735597,-0.0824208199999999,-0.9063189464106065,0.3024850621090784
42,Gambia,GMB,Africa,False,True,5,4,3889027.0,62937818.36,33902282.31578948,0.0,29035700.0,1.0,Erhöhte Ambition,1.0,0.15836735,1.2,2.4,2.6,3.0,1.9,4.4,2.8,1.2,1.2,69.23,7.69,38.46,2697845.0,Low income,1,1.4415309256091435,23.328923033013385,3254.3745770425667,8.08775539395136,39.815618373724,GMB,-0.2811297178268432,-0.5905934572219849,-0.0120199294760823,-0.374314546585083,-0.0410085804760456,4.0,5.0,0.998529385240285,0.0217535599999999,0.6853657643585344,0.48624228528863533
43,Georgia,GEO,Eastern Europe,False,False,8,6,4181549.39,141794259.78,27053598.0,34157938.54,87528345.54334554,0.4419689413011425,Erhöhte Ambition,1.0,0.16343923,27.5,15.0,20.0,19.7,17.1,19.5,14.6,2.7,2.1,-2.5,-27.0,-14.75,3715483.0,Upper middle income,3,1.1254389779202327,38.16307591233764,25071.96771472024,10.129505676892366,58.7153017726772,GEO,0.6176947951316833,0.7912858724594116,-0.3355541229248047,0.1772793382406234,0.0347131341695785,6.0,4.0,1.1749898073046423,0.01334088,2.4697254895312466,-1.1517323695822177
44,Ghana,GHA,Africa,False,False,7,11,5704660.0,143357857.33,25522192.98245614,47458641.1111111,77653631.7582649,0.3497108973807377,Keine höhere Ambition,0.0,0.13949484,12.1,23.9,39.3,57.8,53.8,73.3,65.8,1.2,1.2,86.51,67.43,76.97,33787914.0,Lower middle income,2,0.1688372948978146,4.242873866969118,7543.026747287775,8.928378805822126,45.1804122705703,GHA,-0.0990211144089698,-0.0926615893840789,-0.0216207038611173,-0.0996378883719444,0.4103515446186065,4.0,2.0,0.1672066201827679,0.02073102,1.5626557099668168,0.23273467181800828
45,Guatemala,GTM,Latin America and the Caribbean,False,False,13,11,5971321.7,112525335.68,86339907.8907563,6789682.539682539,22907268.17090226,0.9270942510505944,Keine höhere Ambition,0.0,0.1307149,16.1,27.3,37.6,44.1,40.6,49.7,43.3,1.2,1.2,32.18,15.16,23.67,18124838.0,Upper middle income,3,0.3294551763717833,6.208349872147823,13750.287906479984,9.528815041528595,43.6975640193155,GTM,-1.1216129064559937,-0.8971672654151917,-0.244364932179451,-1.0752770900726318,-0.5336992740631104,0.0,0.0,-1.29414457735597,0.0155821199999999,-0.9548478656106555,0.7975503386534256
46,Guinea,GIN,Africa,False,True,9,8,4740117.0,73481384.16,13355526.31578947,34242647.20961309,45856607.13111112,0.2805890505160202,Erhöhte Ambition,1.0,0.17712338,10.1,21.9,30.2,41.7,39.2,51.3,46.7,1.3,1.2,69.87,54.64,62.25,14405468.0,Lower middle income,2,0.3290498441286322,5.100936960881798,4383.152196594228,8.385523424113044,38.7591797159866,GIN,-0.8976734280586243,-0.9079385995864868,-0.8778751492500305,-1.1139661073684692,-1.145053148269653,4.0,1.0,-0.1099009681697377,-0.02382669,-1.459710397349148,-0.08404124296190717
47,Guinea-Bissau,GNB,Africa,True,True,6,4,3862642.0,30954289.58,9807800.0,10590277.77833333,21840277.77777778,0.4808198157974357,Erhöhte Ambition,1.0,0.09485033,1.8,2.7,3.3,4.4,4.4,6.0,6.0,1.2,1.2,81.82,81.82,81.82,2153339.0,Low income,1,1.793791873922313,14.375019251497324,2862.071225138445,7.959300846298153,32.8960354590742,GNB,-1.1783698797225952,-1.432584285736084,-0.327665239572525,-1.436436891555786,-0.4368782043457031,4.0,3.0,0.4443142085352737,-0.02331787,-1.590115693666454,1.3249136453241201
48,Haiti,HTI,Latin America and the Caribbean,True,True,11,4,5687383.88,36339191.0,22427206.0,4011904.761904762,9900000.0,0.848258710437214,Erhöhte Ambition,1.0,0.19263636,5.7,12.1,15.0,18.3,15.6,21.0,16.1,1.2,1.2,40.0,7.33,23.67,11637398.0,Lower middle income,2,0.4887161099070428,3.1226216547719687,3281.212320715134,8.095968243063375,35.3433162814781,HTI,-1.4438741207122805,-2.2253339290618896,-1.4345217943191528,-1.3636075258255005,-1.1799774169921875,0.0,0.0,-1.29414457735597,0.0489331799999999,-3.137619785439261,0.6204727061400273
49,Honduras,HND,Latin America and the Caribbean,False,False,16,7,6307987.51,72775066.4,27114285.71428571,5759313.876279762,39880952.38142857,0.8248042822200509,Erhöhte Ambition,1.0,0.21073374,11.0,15.0,19.0,24.4,21.8,28.8,24.2,1.2,1.2,51.58,27.37,39.47,10644851.0,Lower middle income,2,0.5925857966447816,6.836644909355707,7178.807294879961,8.878888533324433,40.8113189161742,HND,-1.111958146095276,-0.7952227592468262,-0.4592171609401703,-1.095008134841919,-0.4537015259265899,4.0,4.0,0.7214217968877794,-0.02166122,-0.9555110186298608,0.6189489318204364
50,India,IND,Asia-Pacific,False,False,5,12,5600000.0,803875903.89,34357000.0,442263157.8947368,325739000.7368421,0.0720846557387693,Erhöhte Ambition,1.0,0.27024618,1236.2,2480.9,3493.5,4172.8,4057.8,5020.3,4563.4,2.0,2.0,43.7,30.63,37.16,1438069596.0,Lower middle income,2,0.0038941091693868,0.5589965229262799,10166.24341058346,9.22682804131488,47.0643411663074,IND,-0.3660147488117218,0.4751101434230804,-0.6350769400596619,0.188364565372467,0.0944044888019561,0.0,0.0,-1.29414457735597,-0.04260984,1.5066060883711914,-0.84321394238431
51,Indonesia,IDN,Asia-Pacific,False,False,5,19,7555002.0,624649609.42,24495798.31932773,378056312.6566416,205006455.6707238,0.0608512479538084,Erhöhte Ambition,1.0,0.21058656,299.9,706.3,974.9,1115.3,926.2,1231.7,884.9,2.3,1.5,26.34,-9.23,8.55,281190067.0,Upper middle income,3,0.0268679547631389,2.2214497691342703,15415.605793469696,9.64313563850815,48.54543216591,IDN,-0.4868721961975097,0.5803263783454895,-0.4043753147125244,-0.1536044627428054,0.138982817530632,4.0,4.0,0.7214217968877794,-0.00801714,1.3760225232865801,-0.5194309093704611
52,Iran (Islamic Republic of),IRN,Asia-Pacific,False,False,2,0,1406053.0,0.0,,,,,Kein Vorheriges Dokument verfügbar,,0.50931305,335.3,791.4,1023.3,1125.5,1070.5,1210.7,1109.8,5.1,5.1,18.31,8.45,13.38,90608707.0,Upper middle income,3,0.0155178574615351,0.0,17659.873929111898,9.779050335350584,50.5634959482335,IRN,-1.2318904399871826,-1.0223969221115112,-1.6941009759902954,-1.0609549283981323,-1.4535841941833496,0.0,0.0,-1.29414457735597,0.08085588,-2.264017067629896,-0.7326436435313618
53,Iraq,IRQ,Asia-Pacific,False,False,5,1,5195033.4,29252000.0,0.0,0.0,29252000.0,,Keine höhere Ambition,0.0,0.32461423,144.2,206.2,395.2,500.7,500.7,615.6,615.6,4.8,4.8,55.77,55.77,55.77,45074049.0,Upper middle income,3,0.1152555298504467,0.6489765319286048,14107.297926838874,9.55444752592989,43.5843162838383,IRQ,-1.321037530899048,-1.3896063566207886,-2.413098096847534,-1.6931668519973757,-0.9589189291000366,0.0,0.0,-1.29414457735597,-0.05701107,-3.0983519018173147,-0.4370550448808777
54,Jamaica,JAM,Latin America and the Caribbean,True,False,16,6,6599056.5,55879877.2,7352941.176470588,4011904.761904762,45120531.51169591,0.6469899562511553,Erhöhte Ambition,1.0,0.35649818,12.8,15.1,15.4,15.1,15.0,14.7,14.4,1.2,1.2,-4.55,-6.49,-5.52,2839786.0,Upper middle income,3,2.323786545887613,19.677495839475228,11421.753557005428,9.343275022823718,49.5129643783828,JAM,-0.1120829880237579,0.4072904586791992,0.3848373293876648,-0.1745165735483169,0.5642859935760498,4.0,1.0,-0.1099009681697377,-0.0486574499999999,2.0940624995566446,0.3395934677476315
55,Jordan,JOR,Asia-Pacific,False,False,8,9,4668869.4,160027625.5,77257144.1764706,40873333.33333334,63254059.82905982,0.6539984075664034,Erhöhte Ambition,1.0,0.20401017,13.0,27.0,29.8,37.6,31.0,44.1,32.0,2.0,1.2,47.99,7.38,27.68,11439213.0,Lower middle income,2,0.4081460324237341,13.989391184515927,10391.013613568806,9.248696635982556,52.2765710898191,JOR,0.0886586904525756,0.3862135112285614,-0.2027342021465301,0.2577681243419647,-0.7747077941894531,4.0,3.0,0.4443142085352737,-0.06201505,1.5484154054028694,-1.129541794549592
56,Kazakhstan,KAZ,Asia-Pacific,False,False,4,4,4334182.0,188978785.74,0.0,146861428.5714286,39658901.09890109,0.0,Keine höhere Ambition,0.0,0.5051568,392.5,305.3,357.7,344.6,323.2,333.7,294.4,5.1,4.7,-6.71,-17.7,-12.2,20330104.0,Upper middle income,3,0.2131903506248664,9.29551495358804,38515.18360099773,10.558807821775517,59.8827359428286,KAZ,-0.2665930688381195,0.1468146741390228,-0.2733460068702698,-0.4467813670635223,-1.0038414001464844,0.0,0.0,-1.29414457735597,-0.2412341,0.488348616406501,-0.7315826630691781
57,Kenya,KEN,Africa,False,False,7,22,5770483.0,350359772.37,77087605.0043609,112499467.4168797,127223530.5342277,0.406607919094194,Erhöhte Ambition,1.0,0.11240363,43.6,62.8,81.5,108.3,96.9,141.0,109.8,1.2,1.2,73.01,34.72,53.87,55339003.0,Lower middle income,2,0.1042751529152052,6.331154400631323,6307.232494192973,8.74945226886563,40.8137717526099,KEN,-0.7709130048751831,-0.3036051988601684,-0.9377719163894652,-0.3262216448783874,-0.124170683324337,4.0,1.0,-0.1099009681697377,-0.0001326139999999,0.10021446350128656,-0.3306655900552744
58,Kyrgyzstan,KGZ,Asia-Pacific,False,False,5,5,4340342.0,89766913.74,8576108.0,0.0,87425198.87667887,1.0,Erhöhte Ambition,1.0,0.3164396,19.5,14.4,21.4,19.5,17.4,25.4,20.4,3.0,2.3,18.69,-4.67,7.01,7099750.0,Lower middle income,2,0.6113373006091763,12.643672487059405,7106.4911428930345,8.86876389083945,53.514942852472,KGZ,-1.221095323562622,-0.8907278776168823,-0.4812197685241699,-1.1741224527359009,-0.7232003808021545,4.0,1.0,-0.1099009681697377,0.0143237399999999,-1.3003257856577395,0.5775080009003042
59,Lao People's Democratic Republic,LAO,Asia-Pacific,False,True,17,9,9092428.75,200131967.5,52120941.14285714,75792287.5,77361423.86363636,0.4074710778224708,Erhöhte Ambition,1.0,0.42646852,7.6,13.9,39.2,34.6,34.6,30.7,30.7,1.2,1.2,-21.68,-21.68,-21.68,7664993.0,Lower middle income,2,1.186227926105086,26.109869571961774,9291.78859001131,9.13688634180316,42.2543344032624,LAO,-0.973836362361908,-0.6432785987854004,0.8144617676734924,-0.8329055309295654,-1.6322543621063232,4.0,4.0,0.7214217968877794,0.311783774,-0.5978755391341979,0.6435481583163786
60,Lebanon,LBN,Asia-Pacific,False,False,4,2,4498891.4,4008985.0,0.0,4011904.761904762,0.0,0.0,Erhöhte Ambition,1.0,0.38821754,11.0,24.6,24.5,28.2,25.8,31.2,27.0,3.4,2.6,27.35,10.2,18.78,5773493.0,Lower middle income,2,0.7792321563393253,0.6943777363201099,12292.840730550171,9.416772317474257,44.7067280111838,LBN,-1.227062463760376,-1.5803818702697754,-1.5190391540527344,-1.165075182914734,-0.6542603969573975,4.0,3.0,0.4443142085352737,0.0758012,-2.1936114980059633,0.2799227122018525
61,Lesotho,LSO,Africa,False,True,5,3,4302413.0,14961000.0,0.0,0.0,23520555.55555556,,Erhöhte Ambition,1.0,0.80487245,3.5,4.7,4.8,5.8,4.8,6.6,4.8,1.2,1.2,37.5,0.0,18.75,2311472.0,Lower middle income,2,1.861330355721376,6.472498909785625,2880.966310051167,7.965881041177615,41.301288879025,LSO,-0.5094785094261169,-0.9536063075065612,-0.3057608008384704,-0.4800171852111816,0.0299380328506231,0.0,0.0,-1.29414457735597,0.2927136999999999,0.12068099970033146,0.6605558002677409
62,Liberia,LBR,Africa,False,True,6,3,4438792.7,44469563.5,27255755.0,0.0,17213636.36363636,1.0,Erhöhte Ambition,1.0,0.18718413,1.7,3.2,4.7,8.2,4.9,12.8,5.1,1.2,1.2,172.34,8.51,90.43,5493031.0,Low income,1,0.8080771253612077,8.0956330849034,1794.53340863361,7.492500327652374,36.9018259187558,LBR,-0.8883492946624756,-1.3553643226623535,-0.1162094399333,-1.0316307544708252,0.0538939349353313,4.0,3.0,0.4443142085352737,-0.03034169,-0.6930547995293229,1.449137348524981
63,Libya,LBY,Africa,False,False,3,0,2064790.0,0.0,,,,,Kein Dokument,,0.6293007,89.3,105.4,66.8,85.3,85.3,99.9,99.9,5.0,5.0,49.55,49.55,49.55,7305659.0,Upper middle income,3,0.2826288497724846,0.0,13848.795002550489,9.535953504404509,43.0304743071163,LBY,-1.5250188112258911,-1.6358890533447266,-2.168015480041504,-1.7697761058807373,-1.391116976737976,0.0,0.0,-1.29414457735597,0.3138931,-3.5627015815036915,-0.24227133502152629
64,Madagascar,MDG,Africa,False,True,6,9,3061538.46,131351193.36,84365499.5,5263157.894736842,46393016.85586515,0.9412781799067104,Erhöhte Ambition,1.0,0.11163748,22.1,31.0,32.9,31.2,27.7,29.8,23.5,1.2,1.2,-9.42,-28.57,-19.0,31195932.0,Low income,1,0.0981390285117944,4.210523133593187,1823.8173294130468,7.508687017270986,35.1935230970426,MDG,-1.0001821517944336,-1.0227761268615725,-0.6907456517219543,-0.9749460220336914,-0.3195164799690246,0.0,0.0,-1.29414457735597,0.04507696,-0.9780107393132875,0.5825729014588789
65,Malawi,MWI,Africa,False,True,5,8,4413055.0,130992380.96,56097938.42857143,5263157.894736842,69870651.0,0.9142264690479852,Erhöhte Ambition,1.0,0.06605648,5.5,9.4,14.3,19.9,17.0,25.3,20.0,1.2,1.2,76.92,39.86,58.39,21104482.0,Low income,1,0.2091051085736195,6.206851272634884,1829.5076892537863,7.511802187376795,36.9304513644785,MWI,-0.6028115153312683,-0.8595065474510193,-0.2356156408786773,-0.1554955095052719,0.0756149441003799,4.0,4.0,0.7214217968877794,0.0107007039999999,0.41271907853642636,0.5597087786415017
66,Malaysia,MYS,Asia-Pacific,False,False,5,2,4848327.0,68593750.0,0.0,60000000.0,11160714.28571429,0.0,Erhöhte Ambition,1.0,0.32526565,83.0,283.3,360.5,343.9,343.9,330.0,330.0,5.1,5.1,-8.46,-8.46,-8.46,35126298.0,Upper middle income,3,0.138025561361462,1.952774812762791,36416.54018530988,10.502778351111427,57.0719030949718,MYS,0.2956213653087616,0.875369668006897,0.1685146987438202,0.5719154477119446,0.0876194089651107,3.0,1.0,-0.3366849733781694,-0.0544002499999999,2.8607602482627135,-0.8734198672105173
67,Mali,MLI,Africa,False,True,11,13,3038746.0,228937831.29,47663679.18078947,111652820.0402381,61450664.12752137,0.2991760389780052,Erhöhte Ambition,1.0,0.22874631,10.0,51.9,70.6,84.9,73.6,98.2,73.7,1.2,1.2,39.09,4.39,21.74,23769127.0,Low income,1,0.1278442409769614,9.631730744254932,2657.7129840798475,7.885221251531456,34.242134800253,MLI,-0.861831545829773,-1.138598084449768,-2.7291362285614014,-0.977649748325348,-1.011747121810913,4.0,4.0,0.7214217968877794,0.12460728,-2.2832665356521535,-1.337826249877799
68,Mauritania,MRT,Africa,False,True,4,7,3970214.0,61322058.15,13355526.31578947,35759313.87627976,20202301.68307692,0.2719244583421457,Erhöhte Ambition,1.0,0.29204124,4.2,7.9,11.5,14.5,7.0,17.5,3.4,1.2,1.2,52.17,-70.43,-9.13,5022441.0,Lower middle income,2,0.7904949007862909,12.209612447413518,6946.193933405413,8.845949153070524,38.628868936958,MRT,-0.8226526379585266,-0.763598620891571,-0.5034239888191223,-0.6391364932060242,-0.656128466129303,4.0,5.0,0.998529385240285,0.0730471599999999,-0.5365509502747507,0.15246397681299192
69,Mauritius,MUS,Africa,True,False,7,6,2943380.0,84991222.73,22691996.5,33473157.89473684,22732198.14241486,0.4040226853204633,Erhöhte Ambition,1.0,0.14554963,2.3,5.2,6.2,6.9,5.3,7.4,4.5,2.3,1.2,19.35,-27.42,-4.03,1261041.0,Upper middle income,3,2.334087472175766,67.39766806154599,29511.227409955336,10.292526060089822,57.7709503441975,MUS,0.4531973600387573,0.7101376056671143,0.7754188179969788,0.8052685260772705,0.6157069802284241,4.0,1.0,-0.1099009681697377,-0.0421232099999999,3.5927029946014932,-0.14806813435160573
70,Mexico,MEX,Latin America and the Caribbean,False,False,7,12,2212103.5,164809342.13,49019607.84313725,23168072.06056548,84043831.16961038,0.6790578102597099,Erhöhte Ambition,1.0,0.22884186,481.6,698.6,714.1,805.6,729.9,882.0,743.2,2.7,2.1,23.51,4.08,13.79,129739759.0,Upper middle income,3,0.0170503130038957,1.270307139463701,24789.67559816828,10.118182538947982,49.6296296045913,MEX,-1.0205787420272827,-0.1983614414930343,-0.6307610273361206,-0.8063939213752747,-0.1150860637426376,4.0,4.0,0.7214217968877794,-0.04974992,-0.20023170619996325,0.13227747145355392
71,Republic of Moldova,MDA,Eastern Europe,False,False,3,3,3274784.81,48748437.5,0.0,0.0,63254059.82905982,,Erhöhte Ambition,1.0,0.2429948,28.6,9.9,11.3,12.5,8.1,13.4,5.4,5.1,1.6,18.58,-52.21,-16.81,2457783.0,Upper middle income,3,1.3324141350151744,19.83431307808704,17596.883416766723,9.775477086753178,52.1651073947452,MDA,-0.2803384661674499,-0.1649519950151443,-0.6836996078491211,-0.1526585817337036,0.2367914021015167,6.0,4.0,1.1749898073046423,-0.03626035,0.9539823450381251,-0.24608479567974537
72,Mongolia,MNG,Asia-Pacific,False,False,9,13,6000633.0,483898524.39,23101276.0,70567310.89473684,409058153.3963113,0.2466277838264051,Erhöhte Ambition,1.0,0.96887475,24.0,26.5,56.0,58.6,56.7,60.8,57.3,5.1,5.1,8.57,2.32,5.45,3481145.0,Upper middle income,3,1.7237526733301831,139.00556408595446,18004.85120583547,9.798396512001924,55.9717750063921,MNG,-0.4926044046878814,-0.4715357720851898,0.5926697850227356,-0.1844807118177414,0.2503421008586883,4.0,1.0,-0.1099009681697377,0.33685809,1.1965094476303049,1.0160173135655715
73,Montenegro,MNE,Eastern Europe,False,False,4,2,3264922.0,4011985.0,0.0,4011904.761904762,0.0,0.0,Erhöhte Ambition,1.0,0.18713303,5.5,4.2,3.8,3.6,3.6,3.5,3.5,,,-7.89,-7.89,-7.89,616177.0,Upper middle income,3,5.298675542904068,6.511091780446203,30966.673744191048,10.340666864686789,54.3347526916316,MNE,-0.0793098732829094,0.2470631152391433,0.0693022906780242,-0.0421564690768718,0.3420062959194183,6.0,1.0,0.3436670422471253,-0.08098139,1.8438282021784738,0.005821486954683621
74,Morocco,MAR,Africa,False,False,11,16,5520126.05,318488329.55,59802083.32666666,46136491.22807018,176164585.5482948,0.5644977155678816,Erhöhte Ambition,1.0,0.22302076,39.8,94.1,105.1,106.8,85.4,108.2,69.1,1.4,1.2,2.95,-34.25,-15.65,37712505.0,Lower middle income,2,0.1463738897747577,8.445165059971487,9842.888671875,9.194504511179694,53.375441508663,MAR,-0.5363485813140869,-0.0359151102602481,-0.3677612245082855,-0.1275059282779693,-0.4892600774765014,4.0,2.0,0.1672066201827679,-0.0179129099999999,0.6497951917571391,-0.44645401522357203
75,Mozambique,MOZ,Africa,False,True,7,8,3335293.0,53944485.0,47915441.17647059,7345238.095238095,4062500.0,0.8670802061783817,Erhöhte Ambition,1.0,0.26582026,20.8,30.2,45.3,64.3,64.3,86.9,86.9,1.2,1.2,91.83,91.83,91.83,33635160.0,Low income,1,0.0991609078119444,1.6038123499338193,1677.68102292349,7.425167775347709,39.172992377748,MOZ,-0.8284377455711365,-0.716628909111023,-1.2686913013458252,-1.0263234376907349,-0.593393087387085,4.0,3.0,0.4443142085352737,0.1343532299999999,-1.118309476949056,-0.24827278140743891
76,Myanmar,MMR,Asia-Pacific,False,True,7,2,5708442.0,4011985.0,0.0,4011904.761904762,0.0,0.0,Erhöhte Ambition,1.0,0.10147809,31.3,57.3,85.9,85.6,81.2,87.2,79.1,,,1.51,-7.92,-3.2,54133798.0,Lower middle income,2,0.1054506096173041,0.0741123872372672,5953.357351658868,8.691710600187422,37.0799738667147,MMR,-1.2164993286132812,-1.7528020143508911,-2.125270128250122,-1.6169408559799194,-1.8435986042022705,2.0,1.0,-0.5634689785866009,0.03231669,-3.5389348040032065,-0.5582894106827955
77,Namibia,NAM,Africa,False,False,7,10,5293624.0,124385125.65,51059526.31578948,51428571.42857143,36239961.3003096,0.4981995708725979,Keine höhere Ambition,0.0,0.18687484,12.5,14.0,12.0,10.6,9.8,9.5,7.9,1.3,1.2,-20.83,-34.17,-27.5,2963095.0,Upper middle income,3,1.7865184882698664,41.97810925738122,11215.546840926092,9.325056205545,46.0655777498373,NAM,0.1100720316171646,0.0308966562151908,0.5447772145271301,0.4454675912857055,0.5838794112205505,4.0,4.0,0.7214217968877794,0.0268251199999999,2.5370431146605004,0.37341856999343825
78,Nepal,NPL,Asia-Pacific,False,True,5,4,5523863.0,112106553.74,0.0,21128224.0,90978329.71428572,0.0,Keine höhere Ambition,0.0,0.16765305,24.8,36.8,51.1,54.6,54.6,64.6,64.6,1.2,1.2,26.42,26.42,26.42,29694614.0,Lower middle income,2,0.186022387763653,3.77531608055252,5393.62090216188,8.59297221983603,43.2675468302649,NPL,-0.5079279541969299,-0.807803750038147,-0.226184993982315,-0.4626694619655609,-0.0231158602982759,4.0,3.0,0.4443142085352737,0.08358874,0.2379043369963096,0.5856993875770221
79,Nicaragua,NIC,Latin America and the Caribbean,False,False,12,2,5352124.2,27134622.29,27114285.71428571,0.0,0.0,1.0,Erhöhte Ambition,1.0,0.16164093,10.8,15.6,20.7,27.1,27.1,34.6,34.6,5.1,5.1,67.15,67.15,67.15,6823613.0,Lower middle income,2,0.7843534209809379,3.976576967363184,8309.339912836404,9.025135451822864,40.5913937850675,NIC,-1.3884401321411133,-1.084945559501648,-0.1255500465631485,-1.278186917304993,-1.3873354196548462,2.0,3.0,-0.0092538018815895,-0.04189926,-1.796992420745489,0.6886567077439644
80,Niger,NER,Africa,False,True,8,11,4802833.39,125222216.38,11558152.865,42337686.89270834,77599522.52307692,0.2144535258558045,Keine höhere Ambition,0.0,0.10886761,6.2,18.8,29.0,39.9,39.9,54.6,54.6,1.2,1.2,88.28,88.28,88.28,26159867.0,Low income,1,0.1835954819647974,4.786806308304243,1890.5051859208888,7.544599366475011,35.4803885644176,NER,-0.5638439655303955,-0.6409159302711487,-1.668859601020813,-0.7080886960029602,-0.6954842805862427,4.0,4.0,0.7214217968877794,0.0174882,-0.9018253492337218,-0.8870399931460106
81,Nigeria,NGA,Africa,False,False,6,16,4863510.15,196945307.54,25522192.98245614,52520300.7518797,71952941.77156833,0.3270294394914666,Erhöhte Ambition,1.0,0.11597548,151.9,295.6,343.7,362.9,294.1,380.2,254.0,1.2,1.2,10.62,-26.1,-7.74,227882945.0,Lower middle income,2,0.021342141905354,0.8642389080060379,6207.421378450632,8.733500851728312,39.4143857001307,NGA,-1.0409743785858154,-0.8479067087173462,-1.7684383392333984,-0.8876892924308777,-0.5482581853866577,4.0,4.0,0.7214217968877794,-0.02542319,-1.4547364691202957,-0.5145725574324331
82,North Macedonia,MKD,Eastern Europe,False,False,5,6,4462686.0,61508589.16,0.0,4011904.761904762,63561383.06168608,0.0,Erhöhte Ambition,1.0,0.24773419,19.8,13.1,13.0,9.2,9.2,6.1,6.1,1.5,1.5,-53.08,-53.08,-53.08,1827816.0,Upper middle income,3,2.441540067490382,33.65141193643124,24390.487354392742,10.101948472740254,54.5264010002424,MKD,-0.3486154675483703,-0.0513173453509807,0.1703065037727356,-0.1680448949337005,0.1626973003149032,6.0,3.0,0.8978822189521368,-0.11472717,1.3319592152484174,0.31437023790649143
83,Oman,OMN,Asia-Pacific,False,False,5,0,5232600.4,0.0,,,,,Erhöhte Ambition,1.0,0.43193498,36.1,90.2,128.2,142.5,142.5,154.3,154.3,5.1,5.1,20.36,20.36,20.36,5049269.0,High income,4,1.0363085032704735,0.0,42519.70499189622,10.657722894329655,53.9256328427169,OMN,0.2151579558849334,0.2746132314205169,0.5866236686706543,0.6128121018409729,-1.004403591156006,4.0,5.0,0.998529385240285,0.05339741,2.068983544149126,-0.7868527459975674
84,Pakistan,PAK,Asia-Pacific,False,False,8,10,5687820.0,304227118.0,191870835.1428571,59000000.0,46500000.0,0.7648192147708093,Erhöhte Ambition,1.0,0.16972129,203.8,382.2,528.9,540.1,540.1,600.8,600.8,1.7,1.2,13.59,13.59,13.59,247504495.0,Lower middle income,2,0.0229806735429188,1.2291781529058694,6036.650769238023,8.705604628727917,40.2681588810863,PAK,-0.9993574619293212,-0.577790379524231,-1.932730793952942,-0.8598855137825012,-0.9591403007507324,4.0,3.0,0.4443142085352737,-0.0217168199999999,-1.525831887793192,-1.0823865872087244
85,Panama,PAN,Latin America and the Caribbean,False,False,11,11,7531023.62,128799251.9,34467226.8907563,54550754.76190476,52573934.83756892,0.3871939831802056,Keine höhere Ambition,0.0,0.1198317,6.9,14.6,18.5,25.9,24.5,31.9,29.4,5.0,5.0,72.43,58.92,65.68,4458759.0,High income,4,1.6890402957414832,28.886793814153226,39803.31895328948,10.59170557858188,47.8029925053581,PAN,-0.6280941963195801,-0.2097207307815551,0.2131018489599228,-0.3459812104701996,0.5475497841835022,4.0,5.0,0.998529385240285,-0.05550207,1.1359169996636493,0.840743989057634
86,Paraguay,PRY,Latin America and the Caribbean,False,False,9,6,3669914.0,146376970.61,0.0,101316627.7777778,47282598.22222222,0.0,Erhöhte Ambition,1.0,0.12448515,23.5,36.1,42.8,57.4,55.2,72.4,65.5,2.4,1.7,69.16,53.04,61.1,6844146.0,Upper middle income,3,0.536212114703573,21.38717827030575,17516.79846951899,9.770915612034122,48.3996362507429,PRY,-1.0577229261398315,-0.4620653688907623,0.0820416286587715,-0.5821745991706848,0.042024303227663,4.0,3.0,0.4443142085352737,0.0152247699999999,0.1852569473654775,0.8508841424482222
87,Peru,PER,Latin America and the Caribbean,False,False,13,12,5805625.28,200299593.5,69515048.49666667,55906345.07643849,86784172.93233083,0.5542519223895244,Erhöhte Ambition,1.0,0.16036455,55.1,87.7,102.8,110.1,93.8,116.2,86.4,1.9,1.3,13.04,-15.95,-1.46,33845617.0,Upper middle income,3,0.1715325585584686,5.918036403354679,16974.242002988565,9.739452297703147,49.111461947878,PER,-0.7210409045219421,-0.4918727874755859,-0.52178555727005,-0.5381326675415039,0.0604814961552619,6.0,3.0,0.8978822189521368,-0.02415683,0.14985287177369672,0.2990346916511691
88,Philippines,PHL,Asia-Pacific,False,False,6,10,2662942.0,171076410.16,17351983.44647059,65263157.89473684,79048819.0225564,0.210033937662897,Erhöhte Ambition,1.0,0.14278303,112.4,181.4,255.8,285.0,81.9,335.0,-58.4,1.3,1.2,30.96,-122.83,-45.93,114891199.0,Lower middle income,2,0.0231779459451894,1.48902972245942,10988.630041204542,9.30461638459615,44.8405689671952,PHL,-0.5376399755477905,0.1540919095277786,-0.5660504698753357,-0.4181471168994903,-0.0168379731476306,0.0,0.0,-1.29414457735597,-0.0032755899999999,0.7157901820126507,-0.3164204538402735
89,Rwanda,RWA,Africa,False,True,9,14,5753838.0,242340014.65,71767978.98245615,7345238.095238095,173490118.0,0.9071553608036872,Erhöhte Ambition,1.0,0.054125633,4.0,6.3,7.6,9.3,7.9,10.9,8.2,1.2,1.2,43.42,7.89,25.66,13954471.0,Low income,1,0.4123293530797405,17.366478073586595,3396.155325415816,8.13039928414025,42.9810393512794,RWA,0.6716530919075012,0.3883626461029053,0.1080914735794067,0.2051504552364349,-0.9023283123970032,4.0,3.0,0.4443142085352737,0.011848755,1.9798493854784842,-1.1211566639109725
90,Saint Lucia,LCA,Latin America and the Caribbean,True,False,18,1,8077288.56,16000000.0,0.0,16000000.0,0.0,0.0,Erhöhte Ambition,1.0,0.2802772,0.3,0.6,0.6,0.7,0.7,0.8,0.8,2.1,2.1,33.33,33.33,33.33,179285.0,Upper middle income,3,45.05278500711158,89.24338343977466,25974.196027444825,10.16485886370573,53.774801842574,LCA,0.54412841796875,0.0738346204161644,1.018019199371338,0.6050280928611755,0.8626687526702881,2.0,5.0,0.5449613748234218,-0.020637,3.3404274186034772,0.6639984250475166
91,Sao Tome and Principe,STP,Africa,True,False,5,1,5963284.0,17427000.0,0.0,0.0,17444444.44444444,,Keine höhere Ambition,0.0,0.19370767,0.1,0.2,0.2,0.2,0.2,0.2,0.2,1.2,1.2,0.0,0.0,0.0,230871.0,Lower middle income,2,25.82950652095759,75.48371168314773,6149.981460819281,8.72420434629509,41.455245173354,STP,0.3602246940135956,-0.9024352431297302,0.4407050311565399,-0.694839358329773,0.2523057460784912,4.0,4.0,0.7214217968877794,0.0052679399999999,1.0460980048206558,1.158652388107691
92,Senegal,SEN,Africa,False,True,12,16,6116312.27,223866804.3,33218521.0,112923696.7693499,103000064.4326848,0.2273027021693853,Erhöhte Ambition,1.0,0.23644333,13.9,22.3,27.6,36.5,29.3,41.4,31.4,1.2,1.2,50.0,13.77,31.88,18077573.0,Lower middle income,2,0.3383370251084036,12.383675856266768,4791.4486203140905,8.474588070636289,40.8594801736331,SEN,0.0578322261571884,0.0696751922369003,-0.1385913789272308,-0.2736328542232513,0.1339765787124633,0.0,0.0,-1.29414457735597,0.0051876,1.4449439557880306,-0.09312009782257727
93,Serbia,SRB,Eastern Europe,False,False,4,5,3282807.0,117432637.5,0.0,36861428.57142857,88254059.82905982,0.0,Erhöhte Ambition,1.0,0.37246478,78.0,78.7,89.6,79.1,79.1,70.3,70.3,3.1,3.1,-21.54,-21.54,-21.54,6623183.0,Upper middle income,3,0.4956539778532467,17.73054398466719,28748.47596090153,10.266340034764816,51.1330236257625,SRB,-0.4472042620182037,0.0076343188993632,-0.0391097068786621,-0.0745044872164726,-0.0550001598894596,0.0,0.0,-1.29414457735597,-0.14653009,1.1593219478469443,-0.02326082346533275
94,Seychelles,SYC,Africa,True,False,7,4,4808427.0,34322460.53,30044937.67647059,0.0,17777777.77777778,1.0,Erhöhte Ambition,1.0,0.18134007,0.2,0.5,0.5,0.6,0.5,0.6,0.6,,,20.0,20.0,20.0,119773.0,High income,4,40.14616816811802,286.5625853072061,32705.944308692964,10.39531212350525,52.0780758547574,SYC,1.6288477182388306,0.624744176864624,0.7635005116462708,0.4329351186752319,0.5564106702804565,4.0,4.0,0.7214217968877794,-0.0687197699999999,4.015455318501916,-0.32297938021924
95,Sierra Leone,SLE,Africa,False,True,7,8,2623304.0,74969639.65,53449790.31578948,6111111.111111112,17249634.50292398,0.8973972696062817,Keine höhere Ambition,0.0,0.10936824,4.5,5.9,7.6,5.9,5.9,13.7,13.7,1.2,1.2,80.26,80.26,80.26,8460512.0,Low income,1,0.3100644500001891,8.861123257079477,3367.51026016213,8.121928955098625,35.0065932378839,SLE,-0.5745578408241272,-1.155583739280701,-0.2386887222528457,-0.8329632878303528,-0.2963922917842865,4.0,5.0,0.998529385240285,0.036632424,-0.4513584019309623,0.8349919968850873
96,South Africa,ZAF,Africa,False,False,4,9,1721820.11,414610485.0,259479166.6666667,104011904.7619048,36239961.3003096,0.7138529308213177,Erhöhte Ambition,1.0,0.5601638,352.3,536.7,533.2,613.0,418.4,714.5,370.9,5.1,3.0,34.0,-30.44,1.78,63212384.0,Upper middle income,3,0.0272386516857203,6.55900725085768,15194.19917611057,9.628669000843283,48.5679363420066,ZAF,-0.2846704423427582,-0.2569466829299927,-0.6656420230865479,0.0862350836396217,0.7448921799659729,6.0,4.0,1.1749898073046423,-0.20184815,1.3422769557165464,0.01699513574796904
97,Sri Lanka,LKA,Asia-Pacific,False,False,5,5,6489399.0,105693354.16,85211941.1764706,0.0,38107323.23262626,1.0,Erhöhte Ambition,1.0,0.078128286,17.3,28.1,40.2,46.5,43.0,51.8,45.4,1.2,1.2,28.86,12.94,20.9,22037000.0,Lower middle income,2,0.2944774243318056,4.7961770731043245,14460.741418815747,9.579192768175323,45.6356188070449,LKA,-0.3839769959449768,-0.2522788941860199,-0.5085412859916687,-0.0906768143177032,-0.2311436831951141,4.0,1.0,-0.1099009681697377,0.005880811,0.708876203450669,-0.32360133067805097
98,State of Palestine,PSE,Asia-Pacific,False,False,7,1,4601268.4,24697689.58,0.0,0.0,24697689.58,,Keine höhere Ambition,0.0,0.14601988,2.1,3.3,9.0,10.7,9.7,12.3,10.3,,,36.67,14.44,25.56,5165775.0,Lower middle income,2,0.8907217987620445,4.78102309527612,5896.7108294483805,8.682149987906241,,,,,,,,4.0,5.0,0.998529385240285,0.0315914799999999,,
99,Syrian Arab Republic,SYR,Asia-Pacific,False,False,3,0,1861082.8,0.0,,,,,Kein Vorheriges Dokument verfügbar,,0.48352048,41.8,88.0,50.1,67.4,67.4,83.8,83.8,1.2,1.2,67.27,67.27,67.27,23594623.0,Low income,1,0.0788774120273081,0.0,4772.461676671618,8.470617525535523,38.4847019998233,SYR,-1.7502247095108032,-1.788162112236023,-2.750606775283813,-2.03518009185791,-1.8541826009750368,0.0,0.0,-1.29414457735597,0.0542429799999999,-4.522672513356997,-0.666478485823004
100,Tajikistan,TJK,Asia-Pacific,False,False,5,8,5052267.0,145969586.0,73773586.0,0.0,109962393.1623932,1.0,Keine höhere Ambition,0.0,0.17738885,18.3,11.0,15.5,21.2,18.0,27.2,20.1,3.4,2.5,75.48,29.68,52.58,10389799.0,Lower middle income,2,0.4862718710920201,14.049317604700532,4963.582952645007,8.509883128420597,47.6465532879409,TJK,-1.3787333965301514,-0.7723180055618286,-0.4728215038776397,-1.277231216430664,-1.6346701383590698,6.0,5.0,1.452097395657148,0.0635252849999999,-1.8811335370355247,0.07020883476732157
101,United Republic of Tanzania,TZA,Africa,False,True,4,9,4334250.0,291194591.74,258352413.0985714,11428571.42857143,22732198.14241486,0.9576375946266088,Erhöhte Ambition,1.0,0.089475475,43.7,73.4,92.9,121.9,109.7,146.0,123.7,1.2,1.2,57.16,33.15,45.16,66617606.0,Lower middle income,2,0.0650616295037681,4.371135638527749,4018.5166015625,8.298668108927679,40.3861963797354,TZA,-0.319897323846817,-0.4550809264183044,-0.05275160074234,-0.3734982907772064,-0.5337267518043518,4.0,4.0,0.7214217968877794,0.012427009,0.46866845494864756,0.09055916625959427
102,Thailand,THA,Asia-Pacific,False,False,11,2,7469000.0,57298444.79,17533500.0,0.0,39764944.79,1.0,Erhöhte Ambition,1.0,0.24247201,219.6,382.2,410.0,431.7,416.4,449.8,421.7,3.8,2.9,9.71,2.85,6.28,71702435.0,Upper middle income,3,0.1041666158199508,0.7991143507190516,23465.06313541735,10.06326791884571,53.9278986659618,THA,-0.4890507757663727,0.171705812215805,-0.280302882194519,0.2448727488517761,-0.4503713548183441,4.0,1.0,-0.1099009681697377,-0.03452651,1.1486736174331258,-0.6773702935482562
103,Togo,TGO,Africa,False,True,10,10,6278288.39,116900901.21,38342526.31578948,16349591.6546131,61058360.82908153,0.7010612815641751,Erhöhte Ambition,1.0,0.18802749,6.4,10.5,13.0,14.1,9.0,15.2,5.8,1.2,1.2,16.92,-55.38,-19.23,9304337.0,Low income,1,0.6747700980736188,12.564130169618748,3071.512168319516,8.02992528228245,42.9550039904941,TGO,-0.6191749572753906,-0.5780520439147949,-0.9541951417922974,-0.5274997353553772,-0.7827078700065613,4.0,5.0,0.998529385240285,-0.14280021,-0.47732337083447485,-0.49957558621143805
104,Trinidad and Tobago,TTO,Latin America and the Caribbean,True,False,13,3,7100554.99,34814854.28,16666666.66666667,0.0,19934493.5,1.0,Keine Überarbeitung im Vergleich zur vorherigen Version,,0.9678121,24.1,82.9,70.6,75.0,75.0,78.8,78.8,5.1,5.1,11.61,11.61,11.61,1367510.0,High income,4,5.19232399763073,25.45857381664485,35188.534915927485,10.468475595914615,48.1836262851863,TTO,-0.3741485476493835,-0.0436432547867298,0.4013623893260956,-0.283585637807846,0.6207088828086853,0.0,0.0,-1.29414457735597,-0.1733127000000001,1.5854314530149414,0.8117953046749393
105,Tunisia,TUN,Africa,False,False,8,10,4825957.0,239715078.73,0.0,74619824.56140351,107810101.010404,0.0,Erhöhte Ambition,1.0,0.24677964,22.4,42.1,39.8,52.4,38.8,63.4,38.0,2.7,1.8,59.3,-4.52,27.39,12200431.0,Lower middle income,2,0.3955562717415475,19.648082820188893,13931.85932416485,9.541933534116858,53.0326039450373,TUN,-0.3418997824192047,-0.3005150854587555,-0.6309511065483093,-0.1389831900596618,-0.2128969877958297,3.0,4.0,0.4946377916793478,-0.0033676099999999,0.6228377609800436,-0.36530139392163724
106,Turkmenistan,TKM,Asia-Pacific,False,False,3,0,3046858.0,0.0,,,,,Erhöhte Ambition,1.0,0.65797406,83.4,98.9,141.6,139.0,130.4,137.0,121.2,5.1,5.1,-3.25,-14.41,-8.83,7364438.0,Upper middle income,3,0.4137257995790038,0.0,19828.92484611992,9.89489700149227,43.3296711612162,TKM,-1.4236242771148682,-1.2064995765686035,-0.1114245355129242,-1.4865782260894775,-1.8832627534866333,0.0,0.0,-1.29414457735597,-0.1742545399999999,-2.3059072707089707,0.596448259771667
107,Uganda,UGA,Africa,False,True,3,15,4638344.0,116650744.96,60860220.0952381,26814745.19632414,33899961.3003096,0.6941573332005098,Erhöhte Ambition,1.0,0.055276323,18.4,39.7,50.0,71.2,70.6,97.6,80.2,1.2,1.2,95.2,60.4,77.8,48656601.0,Low income,1,0.095328154960927,2.397428972895168,3097.6370243061606,8.038394849589004,37.8932649244703,UGA,-1.042574763298035,-0.5495085716247559,-0.6955060958862305,-0.4749258458614349,-0.6958452463150024,4.0,4.0,0.7214217968877794,-0.004992243,-0.5366058110232044,-0.166201463373246
108,Uruguay,URY,Latin America and the Caribbean,False,False,17,4,7863888.89,69550975.77,0.0,29550754.76190476,22222222.22222222,0.0,Erhöhte Ambition,1.0,0.11322244,29.2,37.8,42.8,42.2,39.4,41.7,36.6,5.1,5.1,-2.57,-14.49,-8.53,3388081.0,High income,4,2.321045125544519,20.52813252398629,34426.60247279387,10.446584872195192,56.1659997257248,URY,1.5739473104476929,0.850249707698822,0.9648871421813964,0.7176625728607178,1.283793807029724,0.0,0.0,-1.29414457735597,-0.00203432,4.8100613761745565,-0.007875157696681432
109,Uzbekistan,UZB,Asia-Pacific,False,False,2,7,2225319.0,159726600.74,19499455.0,76861428.57142857,61158901.09890109,0.2023586156258708,Erhöhte Ambition,1.0,0.31770214,212.3,232.5,234.4,307.8,307.8,372.6,372.6,5.1,5.1,58.96,58.96,58.96,35652307.0,Lower middle income,2,0.06241725114731,4.4801196382607165,11106.971593478644,9.31532826163064,53.4716551518818,UZB,-0.8075293302536011,-0.2837675213813782,-0.1546099632978439,-0.8328109979629517,-1.3096566200256348,3.0,2.0,-0.0595773850256636,-0.2339777599999999,-0.5387273194793285,-0.1955413591950537
110,Venezuela (Bolivarian Republic of),VEN,Latin America and the Caribbean,False,False,2,0,3556404.0,0.0,,,,,Keine höhere Ambition,0.0,0.5846699,186.6,270.6,188.3,212.8,212.8,233.4,233.4,5.1,5.1,23.95,23.95,23.95,28300854.0,Lower middle income,2,0.1256641937377579,0.0,17349.175997971775,9.76130029133489,41.0392065474911,VEN,-1.6900051832199097,-1.599200963973999,-1.189028024673462,-2.151533603668213,-1.5313206911087036,4.0,4.0,0.7214217968877794,0.1882712399999999,-3.542575570098555,0.6211189604905795
111,Viet Nam,VNM,Asia-Pacific,False,False,5,6,4688659.0,210572567.0,38855367.0,121300000.0,50417200.0,0.2426104583807048,Erhöhte Ambition,1.0,0.35695907,104.2,274.5,426.8,481.5,481.5,543.5,543.5,5.1,5.1,27.34,27.34,27.34,100352192.0,Lower middle income,2,0.0467220387174004,2.098335500235012,14973.883960725874,9.61406289337673,48.7044326889911,VNM,-0.4158142805099487,0.1264669001102447,-0.0363807342946529,-0.0854718759655952,-1.2418537139892578,4.0,1.0,-0.1099009681697377,0.0195763399999999,0.624561385627596,-0.7943207165497699
112,Yemen,YEM,Asia-Pacific,False,True,5,0,3486360.0,0.0,,,,,Kein Vorheriges Dokument verfügbar,,0.16919696,17.8,41.7,33.9,39.9,38.2,45.3,39.4,1.2,1.2,33.63,16.22,24.93,39390799.0,Low income,1,0.0885069632631722,0.0,3164.3215422361527,8.059693948956715,36.1681690879114,YEM,-1.6489332914352417,-2.275420427322388,-2.562938690185547,-1.838976263999939,-1.5502169132232666,0.0,0.0,-1.29414457735597,-0.0611625499999999,-4.37829164841094,-0.14432888072583414
113,Zambia,ZMB,Africa,False,True,9,10,4538878.79,149557132.76,56158919.7443609,61096491.22807018,34331691.91919192,0.4789452297221908,Keine höhere Ambition,0.0,0.10985578,20.0,23.7,30.0,44.2,41.1,62.3,50.3,1.2,1.2,107.67,67.67,87.67,20723965.0,Lower middle income,2,0.2190159455490298,7.216627356782353,4076.995086866388,8.31311549773302,42.1193426929933,ZMB,-0.4777068793773651,-0.658970057964325,0.2017272859811782,-0.5291274189949036,-0.0479462631046772,4.0,1.0,-0.1099009681697377,0.03766313,0.4933882965863401,0.8200306681639569
114,Zimbabwe,ZWE,Africa,False,False,6,2,4164077.0,35432883.0,35432883.0,0.0,0.0,1.0,Erhöhte Ambition,1.0,0.40248266,30.4,22.1,23.8,28.1,28.1,35.3,35.3,,,48.32,48.32,48.32,16340822.0,Lower middle income,2,0.2548266543751593,2.168366009984076,3820.362629497317,8.24810062628291,36.214471512462,ZWE,-1.2612160444259644,-1.1703349351882937,-0.934447467327118,-1.2771425247192385,-1.0926330089569092,4.0,5.0,0.998529385240285,-0.08606559,-1.9902790920267197,0.2608162809364947
